{
    "version": "2.0.0",
    "tasks": [

        {
            "type": "shell",
            "label": "compile",
            "command": "g++",
            "args": [
                "-g",               //生成调试信息
                "-Wall",            //允许发出GCC能够提供的所有有用的警告
                "${file}",
                "-o",
                "${workspaceFolder}\\TestProgram.exe"    //编译后文件的地址和文件名.exe
            ],
            "problemMatcher": [
                "$gcc"
            ],
            "group": {
                "kind": "build",
                "isDefault": true,
            },
        }
    ]
}